datetimestamp,DO_mgL,TempC
1/21/2022 16:00,8.9,12.06
1/21/2022 17:00,8.83,11.42
1/21/2022 18:00,8.83,10.94
1/21/2022 19:00,8.74,10.72
1/21/2022 20:00,8.65,10.6
1/21/2022 21:00,8.03,11.02
1/21/2022 22:00,10.19,11.32
1/21/2022 23:00,10.64,11.22
1/22/2022 0:00,10.63,11.82
1/22/2022 1:00,10.57,11.9
1/22/2022 2:00,10.53,11.94
1/22/2022 3:00,10.53,11.6
1/22/2022 4:00,6.16,11.68
1/22/2022 5:00,6.53,11.38
1/22/2022 6:00,6.54,9.28
1/22/2022 7:00,6.51,8.84
1/22/2022 8:00,7.26,8.7
1/22/2022 9:00,7.48,9.14
1/22/2022 10:00,7.57,10.22
1/22/2022 11:00,6.81,11.2
1/22/2022 12:00,6.28,11.6
1/22/2022 13:00,5.84,12.4
1/22/2022 14:00,5.49,13.42
1/22/2022 15:00,5.24,14.9
1/22/2022 16:00,5.41,14.36
1/22/2022 17:00,5.57,12.92
1/22/2022 18:00,5.46,11.52
1/22/2022 19:00,5.75,9.92
1/22/2022 20:00,5.68,9.46
1/22/2022 21:00,5.58,9.06
1/22/2022 22:00,6.41,7.16
1/22/2022 23:00,12.13,6.24
1/23/2022 0:00,12.38,5.7
1/23/2022 1:00,12.52,5.34
1/23/2022 2:00,12.67,4.94
1/23/2022 3:00,10.19,4.44
1/23/2022 4:00,8.98,4.36
1/23/2022 5:00,3.74,4.44
1/23/2022 6:00,3.3,4.84
1/23/2022 7:00,3.31,5.54
1/23/2022 8:00,3.47,5.26
1/23/2022 9:00,3.56,5.7
1/23/2022 10:00,3.79,6.66
1/23/2022 11:00,3.82,7.62
1/23/2022 12:00,3.59,8.86
1/23/2022 13:00,2.69,10.26
1/23/2022 14:00,2.36,11.78
1/23/2022 15:00,2.02,13.5
1/23/2022 16:00,2.19,13.42
1/23/2022 17:00,2.65,12.32
1/23/2022 18:00,2.66,10.3
1/23/2022 19:00,2.52,8.64
1/23/2022 20:00,2.13,7.88
1/23/2022 21:00,1.9,8.16
1/23/2022 22:00,1.88,8.1
1/23/2022 23:00,6.03,7.92
1/24/2022 0:00,11.65,7.56
1/24/2022 1:00,11.76,7.22
1/24/2022 2:00,11.79,7.14
1/24/2022 3:00,8.01,6.94
1/24/2022 4:00,5.66,6.62
1/24/2022 5:00,3.24,6.24
1/24/2022 6:00,2.85,6.44
1/24/2022 7:00,2.79,6.42
1/24/2022 8:00,2.84,6.28
1/24/2022 9:00,2.84,6.62
1/24/2022 10:00,2.91,7.16
1/24/2022 11:00,3,7.82
1/24/2022 12:00,2.93,8.72
1/24/2022 13:00,1.59,10.26
1/24/2022 14:00,2.9,12.64
1/24/2022 15:00,2.67,13.96
1/24/2022 16:00,4.1,13.18
1/24/2022 17:00,4.75,12.2
1/24/2022 18:00,5.21,10.16
1/24/2022 19:00,5.39,8.7
1/24/2022 20:00,5.31,7.8
1/24/2022 21:00,5.1,7.18
1/24/2022 22:00,4.91,6.8
1/24/2022 23:00,4.6,6.52
1/25/2022 0:00,3.27,5
1/25/2022 1:00,13.21,3.42
1/25/2022 2:00,13.61,2.54
1/25/2022 3:00,6.88,3.86
1/25/2022 4:00,2.88,4.88
1/25/2022 5:00,2.65,4.02
1/25/2022 6:00,2.55,5.3
1/25/2022 7:00,2.53,5.5
1/25/2022 8:00,2.54,5.98
1/25/2022 9:00,2.65,6.76
1/25/2022 10:00,2.72,7.58
1/25/2022 11:00,2.75,8.4
1/25/2022 12:00,2.67,9.36
1/25/2022 13:00,2.42,10.46
1/25/2022 14:00,7.79,12.34
1/25/2022 15:00,9.38,14.3
1/25/2022 16:00,9.75,13.28
1/25/2022 17:00,8.35,11.96
1/25/2022 18:00,7.22,9.8
1/25/2022 19:00,6.38,9.12
1/25/2022 20:00,6.25,8.26
1/25/2022 21:00,5.55,9
1/25/2022 22:00,5.09,9.12
1/25/2022 23:00,5.02,8.9
1/26/2022 0:00,4.91,8.76
1/26/2022 1:00,4.83,8.26
1/26/2022 2:00,4.91,7.52
1/26/2022 3:00,4.74,6.64
1/26/2022 4:00,4.49,6.12
1/26/2022 5:00,4.25,5.84
1/26/2022 6:00,3.77,5.54
1/26/2022 7:00,3.19,4.88
1/26/2022 8:00,2.68,5.36
1/26/2022 9:00,2.33,6.26
1/26/2022 10:00,2.12,7.18
1/26/2022 11:00,2.1,8.08
1/26/2022 12:00,2.27,9.34
1/26/2022 13:00,2.18,10.5
1/26/2022 14:00,13.17,12.5
1/26/2022 15:00,8.71,14.16
1/26/2022 16:00,9.67,13.64
1/26/2022 17:00,10.07,12.38
1/26/2022 18:00,11.27,8.46
1/26/2022 19:00,9.52,5.76
1/26/2022 20:00,9.18,4.88
1/26/2022 21:00,6.46,4.64
1/26/2022 22:00,3.63,4.44
1/26/2022 23:00,3.29,4.3
1/27/2022 0:00,3.25,3.9
1/27/2022 1:00,3.22,4.18
1/27/2022 2:00,3.26,4.24
1/27/2022 3:00,3.29,3.84
1/27/2022 4:00,3.23,3.42
1/27/2022 5:00,3.18,3.1
1/27/2022 6:00,2.88,2.86
1/27/2022 7:00,2.23,2.6
1/27/2022 8:00,1.71,3.22
1/27/2022 9:00,1.43,4.64
1/27/2022 10:00,1.29,6.14
1/27/2022 11:00,1.33,7.26
1/27/2022 12:00,1.46,8.8
1/27/2022 13:00,0.84,10.38
1/27/2022 14:00,0.89,11.96
1/27/2022 15:00,2.15,13.84
1/27/2022 16:00,7.89,14.16
1/27/2022 17:00,10.11,12.08
1/27/2022 18:00,11.51,7.66
1/27/2022 19:00,12.67,4.62
1/27/2022 20:00,13.48,3.16
1/27/2022 21:00,10.58,2.42
1/27/2022 22:00,9.57,2.14
1/27/2022 23:00,4.14,2.98
1/28/2022 0:00,3.54,3.1
1/28/2022 1:00,3.47,3.32
1/28/2022 2:00,3.51,3.38
1/28/2022 3:00,3.67,3.24
1/28/2022 4:00,2.51,3.22
1/28/2022 5:00,2.85,3.24
1/28/2022 6:00,3.08,3.26
1/28/2022 7:00,3.09,3.04
1/28/2022 8:00,2.71,2.74
1/28/2022 9:00,2.24,3.88
1/28/2022 10:00,2.01,5.76
1/28/2022 11:00,2.1,7.32
1/28/2022 12:00,2.21,8.82
1/28/2022 13:00,1.53,10.4
1/28/2022 14:00,1.1,11.96
1/28/2022 15:00,1.16,13.02
1/28/2022 16:00,15.68,13.8
1/28/2022 17:00,10.04,12.52
1/28/2022 18:00,11.04,9.16
1/28/2022 19:00,12.05,6.32
1/28/2022 20:00,12.79,4.46
1/28/2022 21:00,13.05,3.84
1/28/2022 22:00,11.17,3.52
1/28/2022 23:00,10.69,3.02
1/29/2022 0:00,4.3,3.76
1/29/2022 1:00,3.95,3.8
1/29/2022 2:00,3.84,3.82
1/29/2022 3:00,3.77,4.04
1/29/2022 4:00,3.91,3.58
1/29/2022 5:00,4.01,3.28
1/29/2022 6:00,4.07,2.9
1/29/2022 7:00,3.98,2.9
1/29/2022 8:00,3.71,2.8
1/29/2022 9:00,3.29,3.32
1/29/2022 10:00,2.78,3.98
1/29/2022 11:00,2.47,5.78
1/29/2022 12:00,2.25,7.34
1/29/2022 13:00,1.57,9.28
1/29/2022 14:00,1.39,11.12
1/29/2022 15:00,1.62,12.84
1/29/2022 16:00,1.78,12.9
1/29/2022 17:00,1.7,11.98
1/29/2022 18:00,12.19,8.1
1/29/2022 19:00,12.51,5.18
1/29/2022 20:00,12.77,4.58
1/29/2022 21:00,11.85,6.8
1/29/2022 22:00,11.52,7.54
1/29/2022 23:00,11.46,7.1
1/30/2022 0:00,9.83,6.82
1/30/2022 1:00,4.13,6.68
1/30/2022 2:00,3.36,6.42
1/30/2022 3:00,3.4,5.08
1/30/2022 4:00,3.46,4.18
1/30/2022 5:00,3.41,4.7
1/30/2022 6:00,3.6,3.98
1/30/2022 7:00,3.58,4.02
1/30/2022 8:00,3.54,3.82
1/30/2022 9:00,3.19,4.54
1/30/2022 10:00,2.75,5.26
1/30/2022 11:00,2.39,6.18
1/30/2022 12:00,2.17,7.76
1/30/2022 13:00,2.17,9.4
1/30/2022 14:00,2.05,11.18
1/30/2022 15:00,1.23,13
1/30/2022 16:00,1.13,13.14
1/30/2022 17:00,1.25,12.26
1/30/2022 18:00,1.5,10.46
1/30/2022 19:00,11.23,7.2
1/30/2022 20:00,12.32,5.9
1/30/2022 21:00,11.6,7.72
1/30/2022 22:00,11.47,7.98
1/30/2022 23:00,11.39,7.54
1/31/2022 0:00,10.34,7.56
1/31/2022 1:00,6.27,7.86
1/31/2022 2:00,3.05,7.54
1/31/2022 3:00,2.73,7.24
1/31/2022 4:00,2.67,6.64
1/31/2022 5:00,2.76,6.02
1/31/2022 6:00,2.86,5.48
1/31/2022 7:00,2.93,5.12
1/31/2022 8:00,2.99,4.9
1/31/2022 9:00,2.89,5.62
1/31/2022 10:00,2.64,6.7
1/31/2022 11:00,2.31,7.68
1/31/2022 12:00,2.06,9.08
1/31/2022 13:00,2.12,10.46
1/31/2022 14:00,2.05,11.76
1/31/2022 15:00,1.54,12.38
1/31/2022 16:00,1.17,12.4
1/31/2022 17:00,1.12,11.92
1/31/2022 18:00,1.32,10.74
1/31/2022 19:00,9.03,9.68
1/31/2022 20:00,10.28,8.8
1/31/2022 21:00,11.41,8.12
1/31/2022 22:00,11.49,7.86
1/31/2022 23:00,12.04,6.26
2/1/2022 0:00,11.31,5.42
2/1/2022 1:00,9.14,6.96
2/1/2022 2:00,3.54,7.04
2/1/2022 3:00,2.68,6.9
2/1/2022 4:00,2.6,6.56
2/1/2022 5:00,2.6,6.18
2/1/2022 6:00,2.74,5.36
2/1/2022 7:00,2.85,4.64
2/1/2022 8:00,2.89,4.38
2/1/2022 9:00,1.18,5.48
2/1/2022 10:00,2,6.54
2/1/2022 11:00,1.81,7.36
2/1/2022 12:00,2.63,8.16
2/1/2022 13:00,4.59,9.04
2/1/2022 14:00,7.52,9.6
2/1/2022 15:00,9.49,10.24
2/1/2022 16:00,9.6,10.38
2/1/2022 17:00,9.18,9.92
2/1/2022 18:00,9.07,9.3
2/1/2022 19:00,8.92,8.96
2/1/2022 20:00,10.34,7.12
2/1/2022 21:00,11.98,6.1
2/1/2022 22:00,11.41,7.16
2/1/2022 23:00,11.49,7
2/2/2022 0:00,11.81,6.12
2/2/2022 1:00,11.1,5.24
2/2/2022 2:00,10.18,5.02
2/2/2022 3:00,3.38,5.82
2/2/2022 4:00,2.52,6.76
2/2/2022 5:00,1.99,7.12
2/2/2022 6:00,1.87,7.18
2/2/2022 7:00,1.7,6.9
2/2/2022 8:00,2,6.54
2/2/2022 9:00,9.83,7.64
2/2/2022 10:00,9.89,8.64
2/2/2022 11:00,8.48,9.84
2/2/2022 12:00,8.7,9.16
2/2/2022 13:00,9.26,9.58
2/2/2022 14:00,9.19,10.44
2/2/2022 15:00,9.31,11.18
2/2/2022 16:00,8.88,11.42
2/2/2022 17:00,9.37,10.44
2/2/2022 18:00,9.26,9.4
2/2/2022 19:00,9.58,8.56
2/2/2022 20:00,10.08,7.34
2/2/2022 21:00,12.17,5.88
2/2/2022 22:00,12.3,5.7
2/2/2022 23:00,12.73,4.38
2/3/2022 0:00,12.98,3.88
2/3/2022 1:00,12.53,5.08
2/3/2022 2:00,11.57,5.32
2/3/2022 3:00,6.34,5.56
2/3/2022 4:00,3.49,5.82
2/3/2022 5:00,3.37,5.74
2/3/2022 6:00,3.22,5.36
2/3/2022 7:00,3.18,4.68
2/3/2022 8:00,3.23,4.38
2/3/2022 9:00,2.96,4.98
2/3/2022 10:00,5.27,6.26
2/3/2022 11:00,5.18,7.28
2/3/2022 12:00,4.69,8.52
2/3/2022 13:00,4.26,9.5
2/3/2022 14:00,3.64,11.22
2/3/2022 15:00,3.33,12.6
2/3/2022 16:00,3.03,12.88
2/3/2022 17:00,2.93,10.94
2/3/2022 18:00,2.9,9.2
2/3/2022 19:00,2.8,8.36
2/3/2022 20:00,2.73,7.66
2/3/2022 21:00,9.49,5.44
2/3/2022 22:00,12.67,4.36
2/3/2022 23:00,13.28,3.16
2/4/2022 0:00,13.71,2.26
2/4/2022 1:00,13.99,1.56
2/4/2022 2:00,12.45,1.7
2/4/2022 3:00,9.31,1.88
2/4/2022 4:00,4.23,2.86
2/4/2022 5:00,3.84,3.5
2/4/2022 6:00,3.62,3.92
2/4/2022 7:00,3.46,4
2/4/2022 8:00,3.53,4.02
2/4/2022 9:00,3.43,4.64
2/4/2022 10:00,4.96,5.46
2/4/2022 11:00,10.93,7.18
2/4/2022 12:00,10.63,9.18
2/4/2022 13:00,9.19,10.88
2/4/2022 14:00,6.01,12.34
2/4/2022 15:00,4.91,13.76
2/4/2022 16:00,5.82,13.72
2/4/2022 17:00,6.14,12.2
2/4/2022 18:00,6.26,10.22
2/4/2022 19:00,6.08,9.18
2/4/2022 20:00,6.03,8.42
2/4/2022 21:00,9.01,7.2
2/4/2022 22:00,12.29,5.4
2/4/2022 23:00,13.12,3.64
2/5/2022 0:00,13.65,2.34
2/5/2022 1:00,13.99,1.64
2/5/2022 2:00,12.98,3.52
2/5/2022 3:00,11.22,4.88
2/5/2022 4:00,3.98,5.18
2/5/2022 5:00,3.47,5.84
2/5/2022 6:00,3.61,5.64
2/5/2022 7:00,3.47,6
2/5/2022 8:00,3.36,6.04
2/5/2022 9:00,3.29,6.54
2/5/2022 10:00,3.07,7.36
2/5/2022 11:00,8.26,8.26
2/5/2022 12:00,10.02,10
2/5/2022 13:00,9.86,11.32
2/5/2022 14:00,7.53,12.76
2/5/2022 15:00,6.25,14.88
2/5/2022 16:00,6.5,14.06
2/5/2022 17:00,7.23,12.68
2/5/2022 18:00,7.48,11.24
2/5/2022 19:00,7.46,9.86
2/5/2022 20:00,7.26,9.2
2/5/2022 21:00,7.1,8.58
2/5/2022 22:00,7.97,7.08
2/5/2022 23:00,12.54,4.44
2/6/2022 0:00,13.4,2.86
2/6/2022 1:00,13.74,2.04
2/6/2022 2:00,14.19,1.42
2/6/2022 3:00,12.57,1.94
2/6/2022 4:00,6.83,2.62
2/6/2022 5:00,4.37,3.82
2/6/2022 6:00,4.34,4.4
2/6/2022 7:00,4.23,4.76
2/6/2022 8:00,4.11,5.02
2/6/2022 9:00,3.96,5.76
2/6/2022 10:00,3.24,6.42
2/6/2022 11:00,3.05,7.34
2/6/2022 12:00,5.52,9.6
2/6/2022 13:00,9.99,11.82
2/6/2022 14:00,9.25,14.48
2/6/2022 15:00,7.97,16.7
2/6/2022 16:00,5.39,16.3
2/6/2022 17:00,4.7,13.78
2/6/2022 18:00,7,11.08
2/6/2022 19:00,8.01,9.54
2/6/2022 20:00,8.09,8.98
2/6/2022 21:00,7.75,9.16
2/6/2022 22:00,7.42,9.3
2/6/2022 23:00,5.54,8.94
2/7/2022 0:00,11.27,8.02
2/7/2022 1:00,12.04,6.3
2/7/2022 2:00,12.86,4.4
2/7/2022 3:00,10.53,4.28
2/7/2022 4:00,6.15,3.8
2/7/2022 5:00,3.61,4.6
2/7/2022 6:00,3.84,5.06
2/7/2022 7:00,3.97,5.54
2/7/2022 8:00,3.87,6.36
2/7/2022 9:00,3.71,7.16
2/7/2022 10:00,3.64,7.96
2/7/2022 11:00,3.14,8.82
2/7/2022 12:00,3.64,10.54
2/7/2022 13:00,9.3,13.26
2/7/2022 14:00,9.16,15.74
2/7/2022 15:00,8.3,18.74
2/7/2022 16:00,8.2,18.88
2/7/2022 17:00,8.25,16.3
2/7/2022 18:00,8.13,12.16
2/7/2022 19:00,9.63,9.56
2/7/2022 20:00,10.66,8.14
2/7/2022 21:00,10.5,8.12
2/7/2022 22:00,10.47,7.24
2/7/2022 23:00,10.25,6.54
2/8/2022 0:00,9.94,6.02
2/8/2022 1:00,9.11,6.9
2/8/2022 2:00,8.52,7.46
2/8/2022 3:00,8.27,7.22
2/8/2022 4:00,7.9,7.24
2/8/2022 5:00,7.42,7.14
2/8/2022 6:00,6.62,7.24
2/8/2022 7:00,5.93,7.62
2/8/2022 8:00,5.56,8.08
2/8/2022 9:00,5.34,8.74
2/8/2022 10:00,5.21,9.28
2/8/2022 11:00,4.68,10.06
2/8/2022 12:00,4.04,11.22
2/8/2022 13:00,9.66,13.04
2/8/2022 14:00,8.8,15.78
2/8/2022 15:00,8.35,18.48
2/8/2022 16:00,8.2,19.04
2/8/2022 17:00,8.95,16.22
2/8/2022 18:00,9.64,11.6
2/8/2022 19:00,7.85,9.44
2/8/2022 20:00,7.53,8.78
2/8/2022 21:00,7.77,8.04
2/8/2022 22:00,7.48,7.7
2/8/2022 23:00,7.38,7.22
2/9/2022 0:00,7.16,6.94
2/9/2022 1:00,6.94,6.48
2/9/2022 2:00,6.58,6.36
2/9/2022 3:00,6.26,6.06
2/9/2022 4:00,5.93,5.68
2/9/2022 5:00,5.63,5.3
2/9/2022 6:00,4.69,5.86
2/9/2022 7:00,3.98,6.38
2/9/2022 8:00,3.56,6.98
2/9/2022 9:00,3.25,8.06
2/9/2022 10:00,3.15,9.28
2/9/2022 11:00,3.08,10.5
2/9/2022 12:00,2.45,11.6
2/9/2022 13:00,2.14,12.84
2/9/2022 14:00,13.51,14.18
2/9/2022 15:00,10.68,18.32
2/9/2022 16:00,8.02,19.74
2/9/2022 17:00,8.8,16.68
2/9/2022 18:00,10.18,11.4
2/9/2022 19:00,11.94,8.1
2/9/2022 20:00,14.13,8.18
2/9/2022 21:00,7.89,8.06
2/9/2022 22:00,5.58,8.38
2/9/2022 23:00,5.09,7.78
2/10/2022 0:00,4.88,7.3
2/10/2022 1:00,4.83,7.14
2/10/2022 2:00,4.67,7.36
2/10/2022 3:00,4.51,7.22
2/10/2022 4:00,4.27,6.72
2/10/2022 5:00,3.91,6.5
2/10/2022 6:00,3.42,6.44
2/10/2022 7:00,2.71,7.06
2/10/2022 8:00,2.24,7.9
2/10/2022 9:00,2.14,8.96
2/10/2022 10:00,2.19,9.98
2/10/2022 11:00,1.85,11.18
2/10/2022 12:00,1.34,12.68
2/10/2022 13:00,4.2,13.86
2/10/2022 14:00,5.56,15.2
2/10/2022 15:00,12.76,17.54
2/10/2022 16:00,9.97,20.56
2/10/2022 17:00,8.58,17.74
2/10/2022 18:00,9.81,12.98
2/10/2022 19:00,10.78,9.96
2/10/2022 20:00,11.76,8.22
2/10/2022 21:00,14.63,7.62
2/10/2022 22:00,8.34,7.7
2/10/2022 23:00,5.21,8.68
2/11/2022 0:00,4.78,8.58
2/11/2022 1:00,4.71,9.02
2/11/2022 2:00,4.68,8.9
2/11/2022 3:00,4.49,8.32
2/11/2022 4:00,4.33,7.86
2/11/2022 5:00,4.15,7.44
2/11/2022 6:00,3.92,7.24
2/11/2022 7:00,3.66,7.2
2/11/2022 8:00,2.99,7.72
2/11/2022 9:00,2.53,9.2
2/11/2022 10:00,2.34,10.22
2/11/2022 11:00,1.8,11.36
2/11/2022 12:00,2.39,12.88
2/11/2022 13:00,4.17,14.38
2/11/2022 14:00,3.72,15.98
2/11/2022 15:00,3.73,17.4
2/11/2022 16:00,13.5,19.12
2/11/2022 17:00,10.92,18.64
2/11/2022 18:00,9.59,13.98
2/11/2022 19:00,10.67,10.28
2/11/2022 20:00,11.27,8.5
2/11/2022 21:00,12.51,7.86
2/11/2022 22:00,13.33,7.7
2/11/2022 23:00,6.88,7.8
2/12/2022 0:00,5.46,8.92
2/12/2022 1:00,5.37,9.28
2/12/2022 2:00,5.39,9.84
2/12/2022 3:00,5.26,10.06
2/12/2022 4:00,4.77,9.92
2/12/2022 5:00,4.23,9.5
2/12/2022 6:00,3.84,9.1
2/12/2022 7:00,3.47,8.64
2/12/2022 8:00,3.1,8.62
2/12/2022 9:00,3.04,9.24
2/12/2022 10:00,2.94,10.52
2/12/2022 11:00,2.61,11.84
2/12/2022 12:00,1.89,13.36
2/12/2022 13:00,1.76,14.6
2/12/2022 14:00,3.98,16
2/12/2022 15:00,5.95,17.52
2/12/2022 16:00,6.14,18.22
2/12/2022 17:00,12.05,17.72
2/12/2022 18:00,10.85,14.48
2/12/2022 19:00,10.55,11.2
2/12/2022 20:00,11.16,9.16
2/12/2022 21:00,11.54,7.96
2/12/2022 22:00,12.17,7.28
2/12/2022 23:00,10,7.54
2/13/2022 0:00,6.36,7.42
2/13/2022 1:00,5.81,8.24
2/13/2022 2:00,5.65,8.88
2/13/2022 3:00,5.51,9.32
2/13/2022 4:00,5.44,9.4
2/13/2022 5:00,5.37,9.34
2/13/2022 6:00,5.23,9
2/13/2022 7:00,5,8.62
2/13/2022 8:00,4.73,8.48
2/13/2022 9:00,4.21,9
2/13/2022 10:00,3.39,10.02
2/13/2022 11:00,2.98,11.36
2/13/2022 12:00,3.01,12.68
2/13/2022 13:00,2.78,13.68
2/13/2022 14:00,2.37,14.78
2/13/2022 15:00,2.28,16.58
2/13/2022 16:00,5.02,17.6
2/13/2022 17:00,9.99,16.82
2/13/2022 18:00,11.3,13.82
2/13/2022 19:00,10.59,10.58
2/13/2022 20:00,11.17,8.62
2/13/2022 21:00,11.69,7.68
2/13/2022 22:00,11.37,8.58
2/13/2022 23:00,10.44,9.74
2/14/2022 0:00,6.08,10.02
2/14/2022 1:00,5.28,10.34
2/14/2022 2:00,4.98,10.78
2/14/2022 3:00,4.63,11.06
2/14/2022 4:00,4.11,11.08
2/14/2022 5:00,3.81,11
2/14/2022 6:00,3.24,10.8
2/14/2022 7:00,3.08,10.58
2/14/2022 8:00,2.65,10.52
2/14/2022 9:00,3.26,10.64
2/14/2022 10:00,3.35,10.94
2/14/2022 11:00,3.38,11.32
2/14/2022 12:00,3.09,11.78
2/14/2022 13:00,3.15,12.26
2/14/2022 14:00,3.23,12.62
2/14/2022 15:00,5.18,13.04
2/14/2022 16:00,8.25,13.4
2/14/2022 17:00,8.98,13.24
2/14/2022 18:00,9.81,12.98
2/14/2022 19:00,9.56,12.42
2/14/2022 20:00,9.87,10.68
2/14/2022 21:00,9.76,9.84
2/14/2022 22:00,9.72,9.52
2/14/2022 23:00,7.52,9.6
2/15/2022 0:00,6.04,9.2
2/15/2022 1:00,5.65,8.96
2/15/2022 2:00,5.26,8.94
2/15/2022 3:00,4.76,9
2/15/2022 4:00,4.59,9
2/15/2022 5:00,4.38,8.92
2/15/2022 6:00,4.26,8.72
2/15/2022 7:00,4.13,8.48
2/15/2022 8:00,3.93,8.3
2/15/2022 9:00,3.68,8.5
2/15/2022 10:00,3.31,8.9
2/15/2022 11:00,2.9,9.3
2/15/2022 12:00,3.15,10.08
2/15/2022 13:00,4.48,10.84
2/15/2022 14:00,10.4,11.4
2/15/2022 15:00,12.01,11.92
2/15/2022 16:00,11.88,11.96
2/15/2022 17:00,11.83,11.74
2/15/2022 18:00,11.73,11.1
2/15/2022 19:00,11.04,9.74
2/15/2022 20:00,11.19,8.14
2/15/2022 21:00,10.89,8.2
2/15/2022 22:00,11.12,8.06
2/15/2022 23:00,11.23,7.86
2/16/2022 0:00,10.81,8.02
2/16/2022 1:00,9.03,7.72
2/16/2022 2:00,6.08,7.68
2/16/2022 3:00,5.49,8.18
2/16/2022 4:00,5.12,8.26
2/16/2022 5:00,4.8,8.1
2/16/2022 6:00,4.44,8.16
2/16/2022 7:00,4.22,8
2/16/2022 8:00,4.01,8
2/16/2022 9:00,3.76,8.46
2/16/2022 10:00,3.56,9.04
2/16/2022 11:00,3.26,9.64
2/16/2022 12:00,5.72,11.18
2/16/2022 13:00,6.42,12.58
2/16/2022 14:00,8.42,13.14
2/16/2022 15:00,9.73,13.22
2/16/2022 16:00,10.09,13.18
2/16/2022 17:00,10.27,13.02
2/16/2022 18:00,10.23,12.42
2/16/2022 19:00,10.24,11.32
2/16/2022 20:00,9.6,11.74
2/16/2022 21:00,9.89,11.72
2/16/2022 22:00,10.14,10.96
2/16/2022 23:00,10.39,10.36
2/17/2022 0:00,10.33,10.76
2/17/2022 1:00,9.25,11.12
2/17/2022 2:00,5.98,9.88
2/17/2022 3:00,4.69,9.7
2/17/2022 4:00,4.4,9.14
2/17/2022 5:00,4.26,8.58
2/17/2022 6:00,4.12,8.4
2/17/2022 7:00,3.95,8.16
2/17/2022 8:00,4.82,7.76
2/17/2022 9:00,9.03,8.44
2/17/2022 10:00,7.4,10.02
2/17/2022 11:00,3.93,10.46
2/17/2022 12:00,2.99,11.38
2/17/2022 13:00,2.42,12.58
2/17/2022 14:00,2.06,14.12
2/17/2022 15:00,1.83,15.84
2/17/2022 16:00,1.71,15.96
2/17/2022 17:00,1.75,15.46
2/17/2022 18:00,1.81,13.88
2/17/2022 19:00,6.86,11.8
2/17/2022 20:00,10.32,8.2
2/17/2022 21:00,11.79,6.56
2/17/2022 22:00,12.1,6.18
2/17/2022 23:00,12.02,6.7
2/18/2022 0:00,11.97,6.7
2/18/2022 1:00,10.75,6.64
2/18/2022 2:00,5.73,7.32
2/18/2022 3:00,4.4,7.62
2/18/2022 4:00,4.15,8.04
2/18/2022 5:00,3.91,8.26
2/18/2022 6:00,3.65,8.34
2/18/2022 7:00,3.46,8.24
2/18/2022 8:00,3.29,7.94
2/18/2022 9:00,5.54,7.78
2/18/2022 10:00,8.35,8.52
2/18/2022 11:00,5.94,9.6
2/18/2022 12:00,5.33,10.42
2/18/2022 13:00,5.08,12.06
2/18/2022 14:00,4.78,14.08
2/18/2022 15:00,4.51,16.04
2/18/2022 16:00,4.38,16.32
2/18/2022 17:00,4.44,15.76
2/18/2022 18:00,4.54,14.46
2/18/2022 19:00,4.66,13.06
2/18/2022 20:00,8.98,10.88
2/18/2022 21:00,10.51,7.84
2/18/2022 22:00,12.08,6.16
2/18/2022 23:00,12.38,5.62
2/19/2022 0:00,12.66,4.86
2/19/2022 1:00,12.21,4.08
2/19/2022 2:00,10.81,5.14
2/19/2022 3:00,5.18,7
2/19/2022 4:00,4.35,7.48
2/19/2022 5:00,5.77,7.52
2/19/2022 6:00,5.67,7.66
2/19/2022 7:00,5.49,7.46
2/19/2022 8:00,5.06,7.56
2/19/2022 9:00,4.55,8.02
2/19/2022 10:00,8.93,9.06
2/19/2022 11:00,9.73,10.84
2/19/2022 12:00,8.59,11.96
2/19/2022 13:00,6.27,13.26
2/19/2022 14:00,5.09,15.14
2/19/2022 15:00,5.65,17.28
2/19/2022 16:00,5.92,18.1
2/19/2022 17:00,5.92,17.04
2/19/2022 18:00,6.05,14.34
2/19/2022 19:00,6.07,13.08
2/19/2022 20:00,5.88,12.62
2/19/2022 21:00,8.4,11.62
2/19/2022 22:00,10.3,10.7
2/19/2022 23:00,10.7,10.1
2/20/2022 0:00,10.82,9.7
2/20/2022 1:00,9.93,9.46
2/20/2022 2:00,7.35,9.62
2/20/2022 3:00,5.23,9.6
2/20/2022 4:00,4.88,9.72
2/20/2022 5:00,4.22,9.94
2/20/2022 6:00,3.54,10.08
2/20/2022 7:00,3.04,10.14
2/20/2022 8:00,2.99,10.22
2/20/2022 9:00,2.8,10.42
2/20/2022 10:00,2.35,10.84
2/20/2022 11:00,5.62,11.56
2/20/2022 12:00,6.64,12.28
2/20/2022 13:00,6.37,12.8
2/20/2022 14:00,6,13.58
2/20/2022 15:00,5.84,13.94
2/20/2022 16:00,5.64,14.34
2/20/2022 17:00,6.1,13.82
2/20/2022 18:00,5.91,13.08
2/20/2022 19:00,6.05,12.54
2/20/2022 20:00,6.33,12.04
2/20/2022 21:00,6.52,11.62
2/20/2022 22:00,7.01,10.94
2/20/2022 23:00,8.16,9.22
2/21/2022 0:00,9.76,7.9
2/21/2022 1:00,8.28,8.7
2/21/2022 2:00,7.57,8.74
2/21/2022 3:00,6.79,8.54
2/21/2022 4:00,6.32,8.54
2/21/2022 5:00,5.98,8.56
2/21/2022 6:00,5.67,8.56
2/21/2022 7:00,5.48,8.66
2/21/2022 8:00,5.3,8.68
2/21/2022 9:00,5.15,8.74
2/21/2022 10:00,4.94,8.86
2/21/2022 11:00,8.26,9
2/21/2022 12:00,8.63,9.26
2/21/2022 13:00,10.37,10.48
2/21/2022 14:00,8.81,13.54
2/21/2022 15:00,8.01,15.3
2/21/2022 16:00,7.6,14.88
2/21/2022 17:00,9.2,13.56
2/21/2022 18:00,9.02,12.12
2/21/2022 19:00,9.6,11.48
2/21/2022 20:00,9.44,11.16
2/21/2022 21:00,8.92,10.84
2/21/2022 22:00,8.8,10.58
2/21/2022 23:00,6.65,9.66
2/22/2022 0:00,6.16,9.06
2/22/2022 1:00,5.64,8.28
2/22/2022 2:00,5.76,8
2/22/2022 3:00,5.61,7.7
2/22/2022 4:00,5.52,7.7
2/22/2022 5:00,5.38,7.76
2/22/2022 6:00,5.12,7.84
2/22/2022 7:00,4.93,7.96
2/22/2022 8:00,4.51,8.08
2/22/2022 9:00,4.05,8.22
2/22/2022 10:00,4.14,8.3
2/22/2022 11:00,4.08,8.66
2/22/2022 12:00,7.41,9.38
2/22/2022 13:00,8.97,9.78
2/22/2022 14:00,10.49,9.96
2/22/2022 15:00,9.64,7.12
2/22/2022 16:00,9.88,7.74
2/22/2022 17:00,10.58,8.1
2/22/2022 18:00,10.3,8.22
2/22/2022 19:00,10.14,8.18
2/22/2022 20:00,10.07,8.04
2/22/2022 21:00,9.77,7.92
2/22/2022 22:00,9.48,7.7
2/22/2022 23:00,9.42,7.24
2/23/2022 0:00,9.31,6.74
2/23/2022 1:00,8.85,6.54
2/23/2022 2:00,8.86,6.3
2/23/2022 3:00,8.84,5.92
2/23/2022 4:00,8.83,5.3
2/23/2022 5:00,8.25,5.32
2/23/2022 6:00,7.87,5.6
2/23/2022 7:00,7.99,6
2/23/2022 8:00,8.09,6.56
2/23/2022 9:00,8,7.08
2/23/2022 10:00,7.85,7.36
2/23/2022 11:00,7.49,7.7
2/23/2022 12:00,8.49,8.46
2/23/2022 13:00,9.59,8.58
2/23/2022 14:00,10,10.96
2/23/2022 15:00,8.86,15.52
2/23/2022 16:00,8.39,17.42
2/23/2022 17:00,9.23,13.92
2/23/2022 18:00,7.15,9.66
2/23/2022 19:00,7.16,8.02
2/23/2022 20:00,8.89,6.98
2/23/2022 21:00,9.62,6.52
2/23/2022 22:00,9.82,5.64
2/23/2022 23:00,9.78,5.04
2/24/2022 0:00,9.61,4.7
2/24/2022 1:00,9.07,5.16
2/24/2022 2:00,8.78,5.24
2/24/2022 3:00,8.59,5.12
2/24/2022 4:00,8,5.06
2/24/2022 5:00,7.92,4.82
2/24/2022 6:00,7.47,5.22
2/24/2022 7:00,7.07,5.28
2/24/2022 8:00,6.68,5.8
2/24/2022 9:00,6.25,6.54
2/24/2022 10:00,6.06,7.12
2/24/2022 11:00,5.96,7.66
2/24/2022 12:00,5.72,8.64
2/24/2022 13:00,9.07,10.22
2/24/2022 14:00,9.35,12.58
2/24/2022 15:00,8.44,17.2
2/24/2022 16:00,8.41,17.5
2/24/2022 17:00,9.25,13.98
2/24/2022 18:00,10.38,10.72
2/24/2022 19:00,11,8.66
2/24/2022 20:00,10.54,7.66
2/24/2022 21:00,9.57,7.02
2/24/2022 22:00,8.13,6.38
2/24/2022 23:00,7.19,7.1
2/25/2022 0:00,6.64,7.32
2/25/2022 1:00,6.25,7.26
2/25/2022 2:00,5.94,7.24
2/25/2022 3:00,5.78,6.96
2/25/2022 4:00,5.64,6.46
2/25/2022 5:00,5.45,5.94
2/25/2022 6:00,4.89,5.78
2/25/2022 7:00,3.79,6.16
2/25/2022 8:00,3.28,6.72
2/25/2022 9:00,3.08,7.46
2/25/2022 10:00,2.87,8.1
2/25/2022 11:00,2.7,8.9
2/25/2022 12:00,2.66,10.14
2/25/2022 13:00,3.77,11.46
2/25/2022 14:00,7.3,13.18
2/25/2022 15:00,9.69,16.92
2/25/2022 16:00,8.31,18.36
2/25/2022 17:00,8.66,16.38
2/25/2022 18:00,10.32,10.52
2/25/2022 19:00,11.7,7.14
2/25/2022 20:00,12.05,6.86
2/25/2022 21:00,12.27,5.4
2/25/2022 22:00,8.67,6.68
2/25/2022 23:00,6.12,7.06
2/26/2022 0:00,5.62,7.44
2/26/2022 1:00,5.38,7.46
2/26/2022 2:00,5.24,7.38
2/26/2022 3:00,5.02,7.2
2/26/2022 4:00,4.76,7.08
2/26/2022 5:00,4.53,6.88
2/26/2022 6:00,4.39,6.5
2/26/2022 7:00,4.06,6.26
2/26/2022 8:00,3.01,6.5
2/26/2022 9:00,2.21,7.66
2/26/2022 10:00,2.01,8.86
2/26/2022 11:00,2.04,9.84
2/26/2022 12:00,2.39,10.62
2/26/2022 13:00,2.52,11.48
2/26/2022 14:00,4.23,12.42
2/26/2022 15:00,11.94,13.08
2/26/2022 16:00,15.01,11.78
2/26/2022 17:00,11.03,11.12
2/26/2022 18:00,10.78,10.26
2/26/2022 19:00,11.18,8.98
2/26/2022 20:00,11.39,8.38
2/26/2022 21:00,11.49,8.52
2/26/2022 22:00,12.23,8.42
2/26/2022 23:00,9.04,8.22
2/27/2022 0:00,6.19,8.16
2/27/2022 1:00,5.91,7.82
2/27/2022 2:00,5.75,7.86
2/27/2022 3:00,5.6,7.66
2/27/2022 4:00,5.48,7
2/27/2022 5:00,5.16,6.62
2/27/2022 6:00,4.93,6.32
2/27/2022 7:00,4.76,5.9
2/27/2022 8:00,4.52,5.94
2/27/2022 9:00,3.85,6.48
2/27/2022 10:00,2.95,8.02
2/27/2022 11:00,2.67,9.56
2/27/2022 12:00,3.34,11.18
2/27/2022 13:00,3.08,12.56
2/27/2022 14:00,4.26,14.22
2/27/2022 15:00,4.71,15.9
2/27/2022 16:00,11.95,16.46
2/27/2022 17:00,10.81,17.5
2/27/2022 18:00,9.74,13.8
2/27/2022 19:00,10.55,10.96
2/27/2022 20:00,11.03,9.26
2/27/2022 21:00,10.93,9.8
2/27/2022 22:00,11.06,9.58
2/27/2022 23:00,11.04,9.5
2/28/2022 0:00,7.28,9.22
2/28/2022 1:00,5.81,9.38
2/28/2022 2:00,5.44,9.52
2/28/2022 3:00,5.19,9.54
2/28/2022 4:00,5.06,9.18
2/28/2022 5:00,4.9,8.44
2/28/2022 6:00,4.72,7.84
2/28/2022 7:00,4.6,7.32
2/28/2022 8:00,4.26,7.64
2/28/2022 9:00,3.97,8.18
2/28/2022 10:00,3.39,8.72
2/28/2022 11:00,2.84,10.18
2/28/2022 12:00,9.13,13.14
2/28/2022 13:00,9.47,13.7
2/28/2022 14:00,8.93,15.34
2/28/2022 15:00,8.4,17.02
2/28/2022 16:00,8.13,17.84
2/28/2022 17:00,8.3,17.64
2/28/2022 18:00,12.77,15.76
2/28/2022 19:00,9.86,13.64
2/28/2022 20:00,10.21,12.3
2/28/2022 21:00,10.44,11.3
2/28/2022 22:00,10.56,10.94
2/28/2022 23:00,8.8,10.98
3/1/2022 0:00,6.57,10.98
3/1/2022 1:00,5.8,10.84
3/1/2022 2:00,5.59,10.92
3/1/2022 3:00,5.29,10.94
3/1/2022 4:00,4.92,11.06
3/1/2022 5:00,4.63,11
3/1/2022 6:00,4.36,10.64
3/1/2022 7:00,4.38,10.46
3/1/2022 8:00,6.15,10.54
3/1/2022 9:00,5.89,10.76
3/1/2022 10:00,5.48,11.26
3/1/2022 11:00,5.14,12
3/1/2022 12:00,4.86,13.1
3/1/2022 13:00,4.67,14.22
3/1/2022 14:00,4.45,15.42
3/1/2022 15:00,4.3,16.28
3/1/2022 16:00,4.2,16.56
3/1/2022 17:00,4.08,17.02
3/1/2022 18:00,10.23,15.74
3/1/2022 19:00,10.66,13.74
3/1/2022 20:00,10.17,12.66
3/1/2022 21:00,10.28,12.16
3/1/2022 22:00,10.44,11.6
3/1/2022 23:00,10.31,11.54
3/2/2022 0:00,10.08,11.28
3/2/2022 1:00,6,11.22
3/2/2022 2:00,5.36,11.28
3/2/2022 3:00,5.04,11.4
3/2/2022 4:00,4.61,11.42
3/2/2022 5:00,4.31,11.2
3/2/2022 6:00,3.99,11.08
3/2/2022 7:00,3.59,10.92
3/2/2022 8:00,6.07,10.82
3/2/2022 9:00,6.22,11.22
3/2/2022 10:00,5.58,11.84
3/2/2022 11:00,5.23,12.56
3/2/2022 12:00,4.91,13.76
3/2/2022 13:00,4.57,14.8
3/2/2022 14:00,4.27,16.14
3/2/2022 15:00,3.51,17.4
3/2/2022 16:00,3.41,17.1
3/2/2022 17:00,3.29,17.36
3/2/2022 18:00,3.52,16.22
3/2/2022 19:00,10.13,14.98
3/2/2022 20:00,10.24,12.72
3/2/2022 21:00,10.34,11.94
3/2/2022 22:00,10.46,11.36
3/2/2022 23:00,10.52,11.14
3/3/2022 0:00,4.15,11.2
3/3/2022 1:00,3.55,11
3/3/2022 2:00,3.74,11.14
3/3/2022 3:00,3.76,11.36
3/3/2022 4:00,3.39,11.52
3/3/2022 5:00,2.82,11.64
3/3/2022 6:00,2.51,11.58
3/3/2022 7:00,2.23,11.62
3/3/2022 8:00,2.76,11.46
3/3/2022 9:00,5.32,11.22
3/3/2022 10:00,4.74,11.4
3/3/2022 11:00,4.72,11.8
3/3/2022 12:00,4.7,12.32
3/3/2022 13:00,4.48,13.12
3/3/2022 14:00,4.16,13.42
3/3/2022 15:00,4.11,13.38
3/3/2022 16:00,4.08,13.08
3/3/2022 17:00,4.05,12.94
3/3/2022 18:00,3.99,12.88
3/3/2022 19:00,3.93,12.64
3/3/2022 20:00,7.61,12.14
3/3/2022 21:00,9.02,10.82
3/3/2022 22:00,10.55,10.92
3/3/2022 23:00,10.67,10.6
3/4/2022 0:00,7.81,10.94
3/4/2022 1:00,6.35,11.16
3/4/2022 2:00,4,11.3
3/4/2022 3:00,3.7,11.5
3/4/2022 4:00,3.38,11.62
3/4/2022 5:00,3.06,11.72
3/4/2022 6:00,2.64,11.76
3/4/2022 7:00,2.28,11.76
3/4/2022 8:00,1.88,11.8
3/4/2022 9:00,1.69,11.94
3/4/2022 10:00,5.46,12.46
3/4/2022 11:00,5.65,12.68
3/4/2022 12:00,5.74,13.3
3/4/2022 13:00,5.34,14.46
3/4/2022 14:00,5.12,15.78
3/4/2022 15:00,5.52,16.14
3/4/2022 16:00,6.32,15.9
3/4/2022 17:00,7.74,15
3/4/2022 18:00,12.41,13.28
3/4/2022 19:00,15.43,12.28
3/4/2022 20:00,16.53,11.6
3/4/2022 21:00,10.36,10.68
3/4/2022 22:00,10.2,8.8
3/4/2022 23:00,10.45,7.48
3/5/2022 0:00,10.24,7.54
3/5/2022 1:00,9.83,8.2
3/5/2022 2:00,7.2,8.02
3/5/2022 3:00,6.29,7.84
3/5/2022 4:00,5.82,7.82
3/5/2022 5:00,5.34,7.96
3/5/2022 6:00,5.01,8
3/5/2022 7:00,4.78,8.04
3/5/2022 8:00,4.64,8.12
3/5/2022 9:00,4.34,8.24
3/5/2022 10:00,9.49,8.42
3/5/2022 11:00,11.34,8.2
3/5/2022 12:00,11.15,8.86
3/5/2022 13:00,9.69,10.12
3/5/2022 14:00,8.61,12.4
3/5/2022 15:00,6.66,14.16
3/5/2022 16:00,7.28,14.64
3/5/2022 17:00,8.43,13.72
3/5/2022 18:00,10.56,12.34
3/5/2022 19:00,11.63,11.32
3/5/2022 20:00,11.18,10.52
3/5/2022 21:00,9.98,8.68
3/5/2022 22:00,11.83,7.2
3/5/2022 23:00,11.89,7.12
3/6/2022 0:00,11.73,7.34
3/6/2022 1:00,10.85,7.18
3/6/2022 2:00,10.32,7.18
3/6/2022 3:00,5.89,7.42
3/6/2022 4:00,5.83,7.56
3/6/2022 5:00,5.62,7.68
3/6/2022 6:00,5.27,7.8
3/6/2022 7:00,4.45,7.82
3/6/2022 8:00,4.24,8.1
3/6/2022 9:00,3.98,8.56
3/6/2022 10:00,8.3,9.1
3/6/2022 11:00,10.9,9.64
3/6/2022 12:00,10.57,10.82
3/6/2022 13:00,10.11,12.52
3/6/2022 14:00,9.06,16.26
3/6/2022 15:00,7.77,19.7
3/6/2022 16:00,6.15,21.08
3/6/2022 17:00,7.06,19.26
3/6/2022 18:00,8.39,15.64
3/6/2022 19:00,8.53,13.74
3/6/2022 20:00,8.07,12.54
3/6/2022 21:00,8.3,11.92
3/6/2022 22:00,8.27,10.54
3/6/2022 23:00,11.19,9.02
3/7/2022 0:00,11.46,8.22
3/7/2022 1:00,11.17,8
3/7/2022 2:00,9.59,8.14
3/7/2022 3:00,5.54,8.24
3/7/2022 4:00,4,8.18
3/7/2022 5:00,3.48,8.4
3/7/2022 6:00,3.08,8.56
3/7/2022 7:00,2.64,8.56
3/7/2022 8:00,1.95,8.88
3/7/2022 9:00,1.74,9.58
3/7/2022 10:00,8.44,10.28
3/7/2022 11:00,9.87,11.92
3/7/2022 12:00,9.74,13.38
3/7/2022 13:00,9.81,15.14
3/7/2022 14:00,9.37,16.7
3/7/2022 15:00,9.11,17.86
3/7/2022 16:00,8.36,18.78
3/7/2022 17:00,8.38,18.7
3/7/2022 18:00,9.25,15.04
3/7/2022 19:00,10.28,12.78
3/7/2022 20:00,10.89,10.8
3/7/2022 21:00,10.86,9.98
3/7/2022 22:00,10.73,9.24
3/7/2022 23:00,10.31,8.74
3/8/2022 0:00,10.01,8.02
3/8/2022 1:00,9.66,7.54
3/8/2022 2:00,9.5,7.28
3/8/2022 3:00,9.34,7.94
3/8/2022 4:00,9.17,7.6
3/8/2022 5:00,9.09,8
3/8/2022 6:00,8.88,8.44
3/8/2022 7:00,8.66,8.7
3/8/2022 8:00,8.25,9.24
3/8/2022 9:00,8.26,9.8
3/8/2022 10:00,8.08,10.46
3/8/2022 11:00,6.05,11.48
3/8/2022 12:00,9.79,13.04
3/8/2022 13:00,9.42,14.8
3/8/2022 14:00,8.43,18.7
3/8/2022 15:00,7.58,22.28
3/8/2022 16:00,6.94,25.48
3/8/2022 17:00,6.01,24.1
3/8/2022 18:00,6.36,18.42
3/8/2022 19:00,7.54,14.32
3/8/2022 20:00,8.95,13.22
3/8/2022 21:00,9.35,12.4
3/8/2022 22:00,9.01,12.1
3/8/2022 23:00,8.66,11.96
3/9/2022 0:00,8.11,12.02
3/9/2022 1:00,7.66,11.9
3/9/2022 2:00,7.63,11.32
3/9/2022 3:00,7.25,11.22
3/9/2022 4:00,6.6,11.1
3/9/2022 5:00,6.26,11.14
3/9/2022 6:00,6.05,10.98
3/9/2022 7:00,5.74,11.04
3/9/2022 8:00,5.36,11.26
3/9/2022 9:00,5.03,11.7
3/9/2022 10:00,4.74,12.24
3/9/2022 11:00,4.53,12.74
3/9/2022 12:00,5.45,13.4
3/9/2022 13:00,7.75,14.86
3/9/2022 14:00,8.54,17.98
3/9/2022 15:00,8.02,20.3
3/9/2022 16:00,7.78,21.42
3/9/2022 17:00,7.49,19.72
3/9/2022 18:00,8.11,15.28
3/9/2022 19:00,7.71,13.4
3/9/2022 20:00,7.19,13.18
3/9/2022 21:00,6.83,12.96
3/9/2022 22:00,6.56,12.74
3/9/2022 23:00,6.4,12.42
3/10/2022 0:00,6.25,12.1
3/10/2022 1:00,6.13,11.68
3/10/2022 2:00,5.95,11.3
3/10/2022 3:00,5.73,11.04
3/10/2022 4:00,5.5,10.86
3/10/2022 5:00,5.38,10.66
3/10/2022 6:00,5.09,10.52
3/10/2022 7:00,5.01,10.4
3/10/2022 8:00,4.76,10.56
3/10/2022 9:00,4.03,10.7
3/10/2022 10:00,4.25,10.78
3/10/2022 11:00,6.68,11.58
3/10/2022 12:00,8.18,12.4
3/10/2022 13:00,9.16,13.32
3/10/2022 14:00,8.95,15.56
3/10/2022 15:00,9.21,17.22
3/10/2022 16:00,8.84,18.64
3/10/2022 17:00,8.87,17.88
3/10/2022 18:00,9.62,14.04
3/10/2022 19:00,10.85,9.76
3/10/2022 20:00,11.31,7.34
3/10/2022 21:00,11.48,6.42
3/10/2022 22:00,9.94,6.42
3/10/2022 23:00,6.51,8.18
3/11/2022 0:00,5.22,8.1
3/11/2022 1:00,4.76,8.58
3/11/2022 2:00,4.52,8.44
3/11/2022 3:00,4.19,8.04
3/11/2022 4:00,4.13,6.62
3/11/2022 5:00,3.62,6.14
3/11/2022 6:00,2.91,5.44
3/11/2022 7:00,2.15,6.64
3/11/2022 8:00,1.76,7.74
3/11/2022 9:00,1.44,8.86
3/11/2022 10:00,1.38,9.82
3/11/2022 11:00,1.64,10.96
3/11/2022 12:00,1.94,12.58
3/11/2022 13:00,2.2,14.6
3/11/2022 14:00,8.79,17.58
3/11/2022 15:00,7.84,20.98
3/11/2022 16:00,7.17,24.48
3/11/2022 17:00,6.97,24.58
3/11/2022 18:00,8.6,17.76
3/11/2022 19:00,9.61,14.06
3/11/2022 20:00,10.32,11.52
3/11/2022 21:00,10.75,10.64
3/11/2022 22:00,9.99,10.2
3/11/2022 23:00,8.28,9.9
3/12/2022 0:00,4.09,9.94
3/12/2022 1:00,2.85,9.9
3/12/2022 2:00,2.54,9.68
3/12/2022 3:00,2.25,9.4
3/12/2022 4:00,1.96,9.06
3/12/2022 5:00,1.63,8.64
3/12/2022 6:00,1.43,8.46
3/12/2022 7:00,0.9,8.04
3/12/2022 8:00,0.49,8.38
3/12/2022 9:00,0.41,9.8
3/12/2022 10:00,0.83,10.68
3/12/2022 11:00,1.01,11.86
3/12/2022 12:00,1.26,13.26
3/12/2022 13:00,2.16,15.12
3/12/2022 14:00,3.28,17.32
3/12/2022 15:00,9.21,17.7
3/12/2022 16:00,9.18,15.92
3/12/2022 17:00,9.24,15.28
3/12/2022 18:00,9.85,13.02
3/12/2022 19:00,10.48,11.12
3/12/2022 20:00,10.62,10.84
3/12/2022 21:00,10.83,10.38
3/12/2022 22:00,10.46,10.4
3/12/2022 23:00,8.53,10.68
3/13/2022 0:00,5.13,11.06
3/13/2022 1:00,4.46,11.34
3/13/2022 2:00,3.99,11.48
3/13/2022 3:00,3.36,11.68
3/13/2022 4:00,2.85,11.84
3/13/2022 5:00,2.73,11.78
3/13/2022 6:00,2.7,11.68
3/13/2022 7:00,2.51,11.68
3/13/2022 8:00,2.16,12.02
3/13/2022 9:00,1.69,12.48
3/13/2022 10:00,1.37,12.86
3/13/2022 11:00,1.65,13.46
3/13/2022 12:00,1.88,14.5
3/13/2022 13:00,2.33,15.5
3/13/2022 14:00,3.23,16.7
3/13/2022 15:00,6.19,17.52
3/13/2022 16:00,11.1,18.5
3/13/2022 17:00,9.2,15.86
3/13/2022 18:00,9.66,13.98
3/13/2022 19:00,10.27,11.96
3/13/2022 20:00,10.6,10.84
3/13/2022 21:00,10.94,9.96
3/13/2022 22:00,10.75,9.82
3/13/2022 23:00,10.26,9.92
3/14/2022 0:00,6.16,10.16
3/14/2022 1:00,4.35,10.36
3/14/2022 2:00,4.01,10.46
3/14/2022 3:00,3.87,10.28
3/14/2022 4:00,3.73,9.92
3/14/2022 5:00,3.66,9.62
3/14/2022 6:00,3.35,9.3
3/14/2022 7:00,3.12,9.26
3/14/2022 8:00,2.86,9.56
3/14/2022 9:00,2.8,10.22
3/14/2022 10:00,2.63,11.06
3/14/2022 11:00,2.7,11.96
3/14/2022 12:00,2.44,13.68
3/14/2022 13:00,2.76,15.4
3/14/2022 14:00,2.56,17.72
3/14/2022 15:00,2.48,19.54
3/14/2022 16:00,2.3,20.82
3/14/2022 17:00,8.35,20.76
3/14/2022 18:00,9.38,14.7
3/14/2022 19:00,9.95,12.98
3/14/2022 20:00,10.15,12.48
3/14/2022 21:00,10.21,12.3
3/14/2022 22:00,10.2,12.58
3/14/2022 23:00,9.75,12.72
3/15/2022 0:00,8.22,13.18
3/15/2022 1:00,3.67,13.38
3/15/2022 2:00,2.75,13.68
3/15/2022 3:00,2.33,13.68
3/15/2022 4:00,2.21,13.6
3/15/2022 5:00,2.19,13.48
3/15/2022 6:00,1.99,13.4
3/15/2022 7:00,1.72,13.4
3/15/2022 8:00,1.58,13.56
3/15/2022 9:00,1.55,14.08
3/15/2022 10:00,1.37,14.76
3/15/2022 11:00,1.59,15.42
3/15/2022 12:00,2.14,16.2
3/15/2022 13:00,2.79,17.12
3/15/2022 14:00,7.94,18.28
3/15/2022 15:00,9.74,19.72
3/15/2022 16:00,8.66,20.52
3/15/2022 17:00,9.51,19.16
3/15/2022 18:00,9.05,17.2
3/15/2022 19:00,9.57,14.96
3/15/2022 20:00,10.01,13.26
3/15/2022 21:00,10.29,12.22
3/15/2022 22:00,10.5,11.52
3/15/2022 23:00,9.2,11.32
3/16/2022 0:00,4.67,11.18
3/16/2022 1:00,3.63,11.36
3/16/2022 2:00,3.17,11.6
3/16/2022 3:00,2.63,11.68
3/16/2022 4:00,2.38,11.62
3/16/2022 5:00,2.26,11.34
3/16/2022 6:00,2.18,11
3/16/2022 7:00,2.2,10.72
3/16/2022 8:00,2.95,10.58
3/16/2022 9:00,2.93,10.98
3/16/2022 10:00,2.7,11.6
3/16/2022 11:00,2.46,12.52
3/16/2022 12:00,2.25,13.8
3/16/2022 13:00,1.75,15.34
3/16/2022 14:00,1.38,17.3
3/16/2022 15:00,2.22,19.06
3/16/2022 16:00,2.74,20.18
3/16/2022 17:00,3.08,20.6
3/16/2022 18:00,9.51,17.64
3/16/2022 19:00,9.52,14.74
3/16/2022 20:00,9.97,13.2
3/16/2022 21:00,10.21,12.14
3/16/2022 22:00,10.37,11.52
3/16/2022 23:00,10.55,11.22
3/17/2022 0:00,10.04,11.1
3/17/2022 1:00,8.04,11.12
3/17/2022 2:00,4.57,11.3
3/17/2022 3:00,3.89,11.5
3/17/2022 4:00,3.25,11.66
3/17/2022 5:00,2.96,11.58
3/17/2022 6:00,2.82,11.4
3/17/2022 7:00,2.74,11.3
3/17/2022 8:00,4.19,10.94
3/17/2022 9:00,4.56,11.28
3/17/2022 10:00,3.95,12.16
3/17/2022 11:00,3.36,12.98
3/17/2022 12:00,2.87,13.9
3/17/2022 13:00,2.54,15.26
3/17/2022 14:00,2.25,16.96
3/17/2022 15:00,2.01,18.14
3/17/2022 16:00,1.81,19.22
3/17/2022 17:00,1.77,18.84
3/17/2022 18:00,1.85,16.72
3/17/2022 19:00,8.77,13.7
3/17/2022 20:00,10.15,12.06
3/17/2022 21:00,10.4,11.32
3/17/2022 22:00,10.56,10.84
3/17/2022 23:00,10.68,10.52
3/18/2022 0:00,10.84,10.34
3/18/2022 1:00,9.91,10.18
3/18/2022 2:00,6.36,10.16
3/18/2022 3:00,4.36,10.54
3/18/2022 4:00,3.95,10.76
3/18/2022 5:00,3.76,10.8
3/18/2022 6:00,3.77,10.68
3/18/2022 7:00,3.72,10.38
3/18/2022 8:00,10.05,9.88
3/18/2022 9:00,10.62,10.74
3/18/2022 10:00,10.38,11.66
3/18/2022 11:00,10.12,12.68
3/18/2022 12:00,8.44,18.26
3/18/2022 13:00,7.24,23.58
3/18/2022 14:00,8.54,20.14
3/18/2022 15:00,8.72,20.76
3/18/2022 16:00,8.52,21.94
3/18/2022 17:00,8.7,19.84
3/18/2022 18:00,8.93,18.76
3/18/2022 19:00,8.91,18.5
3/18/2022 20:00,9.02,18.14
3/18/2022 21:00,9.09,17.8
3/18/2022 22:00,9.16,17.44
3/18/2022 23:00,9.25,17.1
3/19/2022 0:00,9.28,16.82
3/19/2022 1:00,9.33,16.6
3/19/2022 2:00,9.37,16.4
3/19/2022 3:00,9.41,16.22
3/19/2022 4:00,9.46,16.04
3/19/2022 5:00,9.49,15.88
3/19/2022 6:00,9.54,15.72
3/19/2022 7:00,9.57,15.58
3/19/2022 8:00,9.59,15.48
3/19/2022 9:00,9.48,15.72
3/19/2022 10:00,9.48,15.9
3/19/2022 11:00,9.49,15.96
3/19/2022 12:00,9.49,16.06
3/19/2022 13:00,9.47,16.12
3/19/2022 14:00,9.44,16.18
3/19/2022 15:00,9.43,16.26
3/19/2022 16:00,9.37,16.56
3/19/2022 17:00,9.35,16.66
3/19/2022 18:00,9.37,16.54
3/19/2022 19:00,9.36,16.48
3/19/2022 20:00,9.37,16.52
3/19/2022 21:00,9.35,16.5
3/19/2022 22:00,9.41,16.32
3/19/2022 23:00,9.47,16.1
3/20/2022 0:00,9.54,15.86
3/20/2022 1:00,9.6,15.6
3/20/2022 2:00,9.67,15.32
3/20/2022 3:00,9.75,15.04
3/20/2022 4:00,9.8,14.78
3/20/2022 5:00,9.87,14.52
3/20/2022 6:00,9.94,14.28
3/20/2022 7:00,10,14.08
3/20/2022 8:00,10.02,13.96
3/20/2022 9:00,10.04,14
3/20/2022 10:00,10.09,14.08
3/20/2022 11:00,10.02,14.38
3/20/2022 12:00,9.95,14.58
3/20/2022 13:00,9.89,14.86
3/20/2022 14:00,9.81,15.3
3/20/2022 15:00,9.72,15.8
3/20/2022 16:00,9.61,16.28
3/20/2022 17:00,9.54,16.4
3/20/2022 18:00,9.52,16.38
3/20/2022 19:00,9.52,16.36
3/20/2022 20:00,9.53,16.36
3/20/2022 21:00,9.53,16.24
3/20/2022 22:00,9.57,16.08
3/20/2022 23:00,9.62,15.9
3/21/2022 0:00,9.66,15.68
3/21/2022 1:00,9.71,15.48
3/21/2022 2:00,9.76,15.24
3/21/2022 3:00,9.8,15.02
3/21/2022 4:00,9.85,14.78
3/21/2022 5:00,9.9,14.56
3/21/2022 6:00,9.96,14.36
3/21/2022 7:00,9.97,14.24
3/21/2022 8:00,9.93,14.32
3/21/2022 9:00,9.93,14.44
3/21/2022 10:00,9.91,14.56
3/21/2022 11:00,9.89,14.76
3/21/2022 12:00,9.84,15.2
3/21/2022 13:00,9.74,15.54
3/21/2022 14:00,9.66,16
3/21/2022 15:00,9.55,16.48
3/21/2022 16:00,9.45,16.92
3/21/2022 17:00,9.4,17
3/21/2022 18:00,9.37,16.98
3/21/2022 19:00,9.3,17.42
3/21/2022 20:00,9.18,18
3/21/2022 21:00,9.08,18.3
3/21/2022 22:00,9,18.5
3/21/2022 23:00,8.94,18.62
3/22/2022 0:00,8.92,18.68
3/22/2022 1:00,8.89,18.7
3/22/2022 2:00,8.88,18.7
3/22/2022 3:00,8.87,18.66
3/22/2022 4:00,8.87,18.58
3/22/2022 5:00,8.9,18.5
3/22/2022 6:00,8.91,18.38
3/22/2022 7:00,8.95,18.36
3/22/2022 8:00,8.91,18.6
3/22/2022 9:00,8.88,19.02
3/22/2022 10:00,8.83,19.42
3/22/2022 11:00,8.78,19.56
3/22/2022 12:00,8.76,19.68
3/22/2022 13:00,8.73,19.86
3/22/2022 14:00,8.7,20.06
3/22/2022 15:00,8.66,20.3
3/22/2022 16:00,8.63,20.54
3/22/2022 17:00,8.58,20.74
3/22/2022 18:00,8.55,20.92
3/22/2022 19:00,8.53,21.02
3/22/2022 20:00,8.53,21.08
3/22/2022 21:00,8.53,21.08
3/22/2022 22:00,8.49,21.1
3/22/2022 23:00,8.49,21.04
3/23/2022 0:00,8.48,20.98
3/23/2022 1:00,8.48,20.9
3/23/2022 2:00,8.48,20.8
3/23/2022 3:00,8.49,20.68
3/23/2022 4:00,8.52,20.52
3/23/2022 5:00,8.54,20.36
3/23/2022 6:00,8.56,20.18
3/23/2022 7:00,8.64,20.02
3/23/2022 8:00,8.68,19.84
3/23/2022 9:00,8.7,19.78
3/23/2022 10:00,8.73,19.82
3/23/2022 11:00,8.74,19.74
3/23/2022 12:00,8.77,19.66
3/23/2022 13:00,8.76,19.68
3/23/2022 14:00,8.75,19.74
3/23/2022 15:00,8.74,19.8
3/23/2022 16:00,8.73,19.88
3/23/2022 17:00,8.72,19.94
3/23/2022 18:00,8.7,19.96
3/23/2022 19:00,8.69,20.02
3/23/2022 20:00,8.69,19.92
3/23/2022 21:00,8.73,19.84
3/23/2022 22:00,8.73,19.72
3/23/2022 23:00,8.72,19.62
3/24/2022 0:00,8.73,19.44
3/24/2022 1:00,8.73,19.28
3/24/2022 2:00,8.76,19.12
3/24/2022 3:00,8.79,18.92
3/24/2022 4:00,8.83,18.72
3/24/2022 5:00,8.86,18.48
3/24/2022 6:00,8.9,18.26
3/24/2022 7:00,8.95,18.18
3/24/2022 8:00,8.93,18.4
3/24/2022 9:00,8.89,18.86
3/24/2022 10:00,8.85,19.18
3/24/2022 11:00,8.84,19.16
3/24/2022 12:00,8.84,19.12
3/24/2022 13:00,8.84,19.14
3/24/2022 14:00,8.84,19.16
3/24/2022 15:00,8.83,19.18
3/24/2022 16:00,8.83,19.22
3/24/2022 17:00,8.84,19.2
3/24/2022 18:00,8.86,19.14
3/24/2022 19:00,8.86,19.08
3/24/2022 20:00,8.88,19
3/24/2022 21:00,8.9,18.88
3/24/2022 22:00,8.88,18.82
3/24/2022 23:00,8.88,18.74
3/25/2022 0:00,8.88,18.66
3/25/2022 1:00,8.89,18.56
3/25/2022 2:00,8.9,18.46
3/25/2022 3:00,8.9,18.32
3/25/2022 4:00,8.93,18.2
3/25/2022 5:00,8.96,18.04
3/25/2022 6:00,9,17.86
3/25/2022 7:00,9.02,17.7
3/25/2022 8:00,9.12,17.54
3/25/2022 9:00,9.15,17.44
3/25/2022 10:00,9.22,17.74
3/25/2022 11:00,8.93,20.14
3/25/2022 12:00,8.7,20.64
3/25/2022 13:00,8.61,20.94
